{
    "electron singledot": {
        "qdac_ch1": 1.0349979,
        "qdac_ch2": 2.4999952,
        "qdac_ch3": 0.5999989,
        "qdac_ch4": 0.5999989,
        "qdac_ch5": 0.5999989,
        "qdac_ch6": 0.7597285,
        "qdac_ch7": 0.0001408
    },
    "hole singledot": {
        "qdac_ch1": -1.8797435,
        "qdac_ch2": -2.9999943,
        "qdac_ch3": 0.5999989,
        "qdac_ch4": 0.5999989,
        "qdac_ch5": 0.5999989,
        "qdac_ch6": 0.9645529,
        "qdac_ch7": 0.0001408
    },
    "hole singledot g1at-0.79": {
        "qdac_ch1": -0.7945985,
        "qdac_ch2": -2.9999943,
        "qdac_ch3": 0.5999989,
        "qdac_ch4": 0.5999989,
        "qdac_ch5": 0.5999989,
        "qdac_ch6": 0.9300982,
        "qdac_ch7": 0.0001408
    },
    "very_high_SNR_assymmetric_peak": {
        "qdac_ch1": -0.4629991,
        "qdac_ch2": -2.4599953,
        "qdac_ch3": 0.5999989,
        "qdac_ch4": 0.5999989,
        "qdac_ch5": 0.5999989,
        "qdac_ch6": 0.9151285,
        "qdac_ch7": 0.0002172
    },
    "freq_at_very_high_SNR": {
        "freq_mech": 132544999.99999823,
        "freq_rf": 131294999.99999723,
        "freq_rlc": 1250000.0000009947
    },
    "post-disaster second cb peak": {
        "qdac_ch1": -1.7322967,
        "qdac_ch2": -2.9999886,
        "qdac_ch3": 0.5999978,
        "qdac_ch4": 0.5999978,
        "qdac_ch5": 0.5999978,
        "qdac_ch6": 1.1399978,
        "qdac_ch7": 0.0001981
    },
    "post-disaster first cb peak": {
        "qdac_ch1": -1.6999936,
        "qdac_ch2": -2.9999828,
        "qdac_ch3": 0.5999967,
        "qdac_ch4": 0.5999967,
        "qdac_ch5": 0.5999967,
        "qdac_ch6": 0.9608812,
        "qdac_ch7": 0.0001981
    },
    "single_dot_260825": {
        "qdac_ch1": -1.9499964,
        "qdac_ch2": -2.9999943,
        "qdac_ch3": 0.499999,
        "qdac_ch4": 0.499999,
        "qdac_ch5": 0.499999,
        "qdac_ch6": 0.9806695,
        "qdac_ch7": -1.2e-05
    },
    "single_dot_5holes_050925": {
        "qdac_ch1": 0.2999994,
        "qdac_ch2": -0.2849995,
        "qdac_ch3": 0.2999994,
        "qdac_ch4": 0.2999994,
        "qdac_ch5": 0.2999994,
        "qdac_ch6": 0.8070855,
        "qdac_ch7": 0.000179
    },
    "single_dot_gap_050925": {
        "qdac_ch1": 0.2999994,
        "qdac_ch2": 0.3399993,
        "qdac_ch3": 0.2999994,
        "qdac_ch4": 0.2999994,
        "qdac_ch5": 0.2999994,
        "qdac_ch6": 0.7920387,
        "qdac_ch7": 0.000179
    },
    "single_dot_1hole_050925": {
        "qdac_ch1": 0.2999988,
        "qdac_ch2": 0.1699997,
        "qdac_ch3": 0.2999988,
        "qdac_ch4": 0.2999988,
        "qdac_ch5": 0.2999988,
        "qdac_ch6": 0.7948779,
        "qdac_ch7": 0.0001981
    },
    "single_dot_1electron_050925": {
        "qdac_ch1": 0.2999988,
        "qdac_ch2": 0.519999,
        "qdac_ch3": 0.2999988,
        "qdac_ch4": 0.2999988,
        "qdac_ch5": 0.2999988,
        "qdac_ch6": 0.7846017,
        "qdac_ch7": 0.000179
    },
    "single_dot34h_g2_150925": {
        "qdac_ch1": 0.2999994,
        "qdac_ch2": -3.7249928,
        "qdac_ch3": 0.2999994,
        "qdac_ch4": 0.2999966,
        "qdac_ch5": 0.2999966,
        "qdac_ch6": 0.8716047,
        "qdac_ch7": 5.82e-05
    },
    "single_fot_freq_34h_1509": {
        "freq_mech": 141834999.99999753,
        "freq_rf": 140585000.00000292,
        "freq_rlc": 1250000.0000009947
    },
    "single_dot34h_g3_160925": {
        "qdac_ch1": 0.9999981,
        "qdac_ch2": 0.2999994,
        "qdac_ch3": -4.6999907,
        "qdac_ch4": 0.2999966,
        "qdac_ch5": 0.2999966,
        "qdac_ch6": 0.8231589,
        "qdac_ch7": 0.0001002
    },
    "single_dot_g3_freq_34h_1609": {
        "freq_mech": 151199999.99999934,
        "freq_rf": 149949999.99999833,
        "freq_rlc": 1250000.0000009947
    },
    "g2_rf_determination_point": {
        "qdac_ch1": 0.7489986,
        "qdac_ch2": 0.7569986,
        "qdac_ch3": 0.7489986,
        "qdac_ch4": 0.7489986,
        "qdac_ch5": 0.7489986,
        "qdac_ch6": 0.499999,
        "qdac_ch7": 9e-07
    },
    "g4_dot": {
        "qdac_ch1": 0.7999985,
        "qdac_ch2": 0.2999994,
        "qdac_ch3": 0.2999994,
        "qdac_ch4": -3.7499928,
        "qdac_ch5": 0.2999994,
        "qdac_ch6": 0.896826,
        "qdac_ch7": 0.0001384
    },
    "single_dot_g4_freq_1709": {
        "freq_mech": 155210000.0000024,
        "freq_rf": 1250000.0000009947,
        "freq_rlc": 1250000.0000009947
    },
    "g3g4dot_halfway": {
        "qdac_ch1": 0.9499982,
        "qdac_ch2": 0.2999994,
        "qdac_ch3": -2.1999958,
        "qdac_ch4": -1.7499967,
        "qdac_ch5": 0.2999994,
        "qdac_ch6": 0.9026335,
        "qdac_ch7": 0.0001384
    },
    "g3g4dot_halfway_freq": {
        "freq_mech": 145140000.0000028,
        "freq_rf": 143890000.00000182,
        "freq_rlc": 1250000.0000009947
    },
    "g3dot_18_09_25": {
        "qdac_ch1": 1.078998,
        "qdac_ch2": 0.2999994,
        "qdac_ch3": -4.6999907,
        "qdac_ch4": 0.2999994,
        "qdac_ch5": 0.2999994,
        "qdac_ch6": 0.9082247,
        "qdac_ch7": 0.0001422
    },
    "g23dot": {
        "qdac_ch1": 0.0999998,
        "qdac_ch2": -1.7249967,
        "qdac_ch3": -2.2999957,
        "qdac_ch4": 0.2999994,
        "qdac_ch5": 0.2999994,
        "qdac_ch6": 0.9453396,
        "qdac_ch7": 0.0001384
    },
    "g23dot_freq": {
        "freq_mech": 141138747.0000008,
        "freq_rf": 139888746.99999982,
        "freq_rlc": 1250000.0000009947
    },
    "g1dotmystery": {
        "qdac_ch1": -3.9368348,
        "qdac_ch2": 0.2999994,
        "qdac_ch3": 0.2999994,
        "qdac_ch4": 0.2999994,
        "qdac_ch5": 0.2999994,
        "qdac_ch6": 0.9642795,
        "qdac_ch7": 0.0001384
    },
    "SU2at0": {
        "qdac_ch1": 1.3719974,
        "qdac_ch2": 0.3266654,
        "qdac_ch3": 0.2999994,
        "qdac_ch4": 0.2999994,
        "qdac_ch5": 0.2999994,
        "qdac_ch6": 1.0003949,
        "qdac_ch7": 0.0001002
    },
    "1_electron_thermomech": {
        "qdac_ch1": 0.8042377,
        "qdac_ch2": 0.3943965,
        "qdac_ch3": 0.2999988,
        "qdac_ch4": 0.2999988,
        "qdac_ch5": 0.2999988,
        "qdac_ch6": 0.8475956,
        "qdac_ch7": 0.0001002
    },
    "1_electron_thermomech_zurich": {
        "freq_mech": 153540000.00000027,
        "freq_rf": 152289999.99999928,
        "freq_rlc": 1250000.0000009947
    },
    "1_electron_1946": {
        "qdac_ch1": 0.7508653,
        "qdac_ch2": 0.4128236,
        "qdac_ch3": 0.2999982,
        "qdac_ch4": 0.2999982,
        "qdac_ch5": 0.2999982,
        "qdac_ch6": 0.8489168,
        "qdac_ch7": 0.0001002
    },
    "ict for fidelity": {
        "qdac_ch1": 0.5499978,
        "qdac_ch2": 0.5483058,
        "qdac_ch3": -0.1999992,
        "qdac_ch4": 0.787545,
        "qdac_ch5": 0.499998,
        "qdac_ch6": 0.8699983,
        "qdac_ch7": 0.0001981
    },
    "ict_for_fidelity": {
        "qdac_ch1": 0.5499978,
        "qdac_ch2": 0.5483058,
        "qdac_ch3": -0.1999992,
        "qdac_ch4": 0.787545,
        "qdac_ch5": 0.499998,
        "qdac_ch6": 0.8699983,
        "qdac_ch7": 0.0001981
    },
    "ict_for_fidelity_271125": {
        "qdac_ch1": 1.2999974,
        "qdac_ch2": 0.5528498,
        "qdac_ch3": 0.2999994,
        "qdac_ch4": 0.7920402,
        "qdac_ch5": 0.2999994,
        "qdac_ch6": 0.8429443,
        "qdac_ch7": 0.0002554
    },
    "temp meas config 081225": {
        "qdac_ch1": -0.0488898,
        "qdac_ch2": 2.4059908,
        "qdac_ch3": 0.2999988,
        "qdac_ch4": 0.2999988,
        "qdac_ch5": 0.2999988,
        "qdac_ch6": 1.7849965,
        "qdac_ch7": 0.0001981
    },
    "temp meas confic 081225 freq": {
        "freq_mech": 137471999.99999893,
        "freq_rf": 1250000.0000009947,
        "freq_rlc": 1250000.0000009947
    },
    "fidelity ICT": {
        "qdac_ch1": 0.5499989,
        "qdac_ch2": 0.539999,
        "qdac_ch3": -0.1999996,
        "qdac_ch4": 0.7879985,