{
    "unsuccessful_5GHz_ICT": {
        "qdac_ch1": 0.3999984,
        "qdac_ch2": -2.0712323,
        "qdac_ch3": 1.3499948,
        "qdac_ch4": -2.0652797,
        "qdac_ch5": 0.3999984,
        "qdac_ch6": -2.2231448,
        "qdac_ch7": 0.0
    },
    "singledot_mode": {
        "qdac_ch1": 0.499998,
        "qdac_ch2": -0.9999962,
        "qdac_ch3": 0.9999962,
        "qdac_ch4": -0.9999962,
        "qdac_ch5": 0.499998,
        "qdac_ch6": -0.8348216,
        "qdac_ch7": 0.0
    },
    "KATY": {
        "qdac_ch1": 0.3999984,
        "qdac_ch2": -1.6854697,
        "qdac_ch3": 0.9399964,
        "qdac_ch4": -1.7156376,
        "qdac_ch5": 0.5999978,
        "qdac_ch6": -2.2349956,
        "qdac_ch7": 0.0
    },
    "160MHz_pseudo_singledot": {
        "freq_mech": 162627458.1757592,
        "freq_rf": 161375000.00000244,
        "freq_rlc": 1250000.0000009947
    },
    "double-well-shaped-single-dot": {
        "qdac_ch1": 0.5999989,
        "qdac_ch2": -0.9999943,
        "qdac_ch3": -0.0999998,
        "qdac_ch4": -0.9999943,
        "qdac_ch5": 0.499997,
        "qdac_ch6": -0.8257732,
        "qdac_ch7": 7.1e-06
    },
    "carlos of the water": {
        "qdac_ch1": 0.2999994,
        "qdac_ch2": -1.970075,
        "qdac_ch3": 1.0499979,
        "qdac_ch4": -1.9753921,
        "qdac_ch5": 0.2999994,
        "qdac_ch6": -2.1367509,
        "qdac_ch7": 7.1e-06
    },
    "squeezed_single_dot": {
        "qdac_ch1": 0.5999989,
        "qdac_ch2": -1.9999962,
        "qdac_ch3": 0.0,
        "qdac_ch4": 1.9999962,
        "qdac_ch5": 1.9999962,
        "qdac_ch6": -0.6742694,
        "qdac_ch7": 7.1e-06
    },
    "160MHz_squeezed_singledot": {
        "freq_mech": 162798800.0,
        "freq_rf": 164048800.0,
        "freq_rlc": 1250000.0000009947
    },
    "squeezed_single_dot2": {
        "qdac_ch1": 0.499998,
        "qdac_ch2": -0.5999978,
        "qdac_ch3": 0.2999988,
        "qdac_ch4": 0.2999988,
        "qdac_ch5": 0.2999988,
        "qdac_ch6": -1.5128503,
        "qdac_ch7": -1.2e-05
    },
    "160MHz_squeezed_singledot2": {
        "freq_mech": 164048900.00000265,
        "freq_rf": 162798900.00000164,
        "freq_rlc": 1250000.0000009947
    },
    "lowholesearching": {
        "qdac_ch1": 0.1999996,
        "qdac_ch2": -0.1862873,
        "qdac_ch3": 0.2999994,
        "qdac_ch4": -0.3969942,
        "qdac_ch5": 0.0,
        "qdac_ch6": -0.6806039,
        "qdac_ch7": -1.2e-05
    },
    "measuring gate attn": {
        "qdac_ch1": 0.4010035,
        "qdac_ch2": -1.6631145,
        "qdac_ch3": 0.9038659,
        "qdac_ch4": -1.6827816,
        "qdac_ch5": 0.5969827,
        "qdac_ch6": -2.223774,
        "qdac_ch7": -1.2e-05
    },
    "Sonja": {
        "freq_mech": 159473901.66860417,
        "freq_rf": 158223790.00000238,
        "freq_rlc": 1250000.0000009947
    },
    "160MHz_squeezed_singledot2_100mK": {
        "freq_mech": 164049346.19809625,
        "freq_rf": 162799346.19809526,
        "freq_rlc": 1250000.0000009947
    }
}