{
    "singledot_measured_with_about_1hole": {
        "qdac_ch1": -0.6159988,
        "qdac_ch2": 1.9999962,
        "qdac_ch3": 1.9999962,
        "qdac_ch4": 1.9999962,
        "qdac_ch5": 1.9999962,
        "qdac_ch6": -0.4757961,
        "qdac_ch7": 0.0030049
    }
}