{
    "electron singledot": {
        "qdac_ch1": 1.0349979,
        "qdac_ch2": 2.4999952,
        "qdac_ch3": 0.5999989,
        "qdac_ch4": 0.5999989,
        "qdac_ch5": 0.5999989,
        "qdac_ch6": 0.7597285,
        "qdac_ch7": 0.0001408
    },
    "hole singledot": {
        "qdac_ch1": -1.8797435,
        "qdac_ch2": -2.9999943,
        "qdac_ch3": 0.5999989,
        "qdac_ch4": 0.5999989,
        "qdac_ch5": 0.5999989,
        "qdac_ch6": 0.9645529,
        "qdac_ch7": 0.0001408
    }
}