{
    "KATY": {
        "qdac_ch1": 0.3999984,
        "qdac_ch2": -1.6442974,
        "qdac_ch3": 0.8499968,
        "qdac_ch4": -1.6716599,
        "qdac_ch5": 0.5999978,
        "qdac_ch6": -2.2320213,
        "qdac_ch7": 0.0
    }
}